{"cameraMode":{"drawMode":0,"name":"Shaded","section":"Shading Mode"},"sceneLighting":true,"audioPlay":false,"sceneViewState":{"showFog":false,"showMaterialUpdate":false,"showSkybox":false,"showFlares":false,"showImageEffects":false,"showParticleSystems":false},"in2DMode":false,"pivot":{"x":12.424775123596192,"y":3.313788414001465,"z":17.199148178100587},"rotation":{"x":0.009377378039062024,"y":-0.9852969646453857,"z":0.16102755069732667,"w":0.057114627212285998},"size":1.9816886186599732,"orthographic":false}