{"cameraMode":{"drawMode":0,"name":"Shaded","section":"Shading Mode"},"sceneLighting":true,"audioPlay":false,"sceneViewState":{"showFog":false,"showMaterialUpdate":false,"showSkybox":false,"showFlares":false,"showImageEffects":false,"showParticleSystems":false},"in2DMode":false,"pivot":{"x":-50.193870544433597,"y":-0.39042428135871889,"z":-31.180679321289064},"rotation":{"x":0.00872279517352581,"y":-0.8758362531661987,"z":0.01574581302702427,"w":0.482354998588562},"size":75.61029815673828,"orthographic":false}